<?xml version="1.0" encoding="UTF-8"?>
<records>
  <record_update table="sys_db_object">
    <sys_db_object action="INSERT_OR_UPDATE">
      <access/>
      <altered_on>2025-11-11 02:09:24</altered_on>
      <collection>x_inventory_tx</collection>
      <create_access>true</create_access>
      <create_access_controls>true</create_access_controls>
      <extensible>false</extensible>
      <is_extendable>false</is_extendable>
      <label>Inventory Transactions</label>
      <name>x_inventory_tx</name>
      <read_access>true</read_access>
      <super_class/>
      <update_access>true</update_access>
    </sys_db_object>
  </record_update>
  <record_update table="sys_dictionary">
    <sys_dictionary action="INSERT_OR_UPDATE">
      <active>true</active>
      <column_label>Inventory Transactions</column_label>
      <element/>
      <internal_type>collection</internal_type>
      <label>Inventory Transactions</label>
      <mandatory>false</mandatory>
      <name>x_inventory_tx</name>
      <read_only>false</read_only>
      <reference/>
      <size>40</size>
      <type>collection</type>
    </sys_dictionary>
  </record_update>
  <record_update table='sys_dictionary'>
    <sys_dictionary action='INSERT_OR_UPDATE'>
      <active>true</active>
      <column_label>Transaction ID</column_label>
      <element>u_tx_id</element>
      <internal_type>string</internal_type>
      <label>Transaction ID</label>
      <mandatory>true</mandatory>
      <max_length>100</max_length>
      <name>x_inventory_tx</name>
      <reference/>
      <size>100</size>
      <type>string</type>
    </sys_dictionary>
  </record_update>
  <record_update table='sys_dictionary'>
    <sys_dictionary action='INSERT_OR_UPDATE'>
      <active>true</active>
      <column_label>Type</column_label>
      <element>u_type</element>
      <internal_type>string</internal_type>
      <label>Type</label>
      <mandatory>true</mandatory>
      <max_length>40</max_length>
      <name>x_inventory_tx</name>
      <reference/>
      <size>40</size>
      <type>string</type>
    </sys_dictionary>
  </record_update>
  <record_update table='sys_dictionary'>
    <sys_dictionary action='INSERT_OR_UPDATE'>
      <active>true</active>
      <column_label>SKU</column_label>
      <element>u_sku</element>
      <internal_type>string</internal_type>
      <label>SKU</label>
      <mandatory>true</mandatory>
      <max_length>120</max_length>
      <name>x_inventory_tx</name>
      <reference/>
      <size>120</size>
      <type>string</type>
    </sys_dictionary>
  </record_update>
  <record_update table='sys_dictionary'>
    <sys_dictionary action='INSERT_OR_UPDATE'>
      <active>true</active>
      <column_label>Quantity</column_label>
      <element>u_qty</element>
      <internal_type>integer</internal_type>
      <label>Quantity</label>
      <mandatory>true</mandatory>
      <max_length>40</max_length>
      <name>x_inventory_tx</name>
      <reference/>
      <size>40</size>
      <type>integer</type>
    </sys_dictionary>
  </record_update>
  <record_update table='sys_dictionary'>
    <sys_dictionary action='INSERT_OR_UPDATE'>
      <active>true</active>
      <column_label>From Location</column_label>
      <element>u_from</element>
      <internal_type>string</internal_type>
      <label>From Location</label>
      <mandatory>false</mandatory>
      <max_length>120</max_length>
      <name>x_inventory_tx</name>
      <reference/>
      <size>120</size>
      <type>string</type>
    </sys_dictionary>
  </record_update>
  <record_update table='sys_dictionary'>
    <sys_dictionary action='INSERT_OR_UPDATE'>
      <active>true</active>
      <column_label>To Location</column_label>
      <element>u_to</element>
      <internal_type>string</internal_type>
      <label>To Location</label>
      <mandatory>false</mandatory>
      <max_length>120</max_length>
      <name>x_inventory_tx</name>
      <reference/>
      <size>120</size>
      <type>string</type>
    </sys_dictionary>
  </record_update>
  <record_update table='sys_dictionary'>
    <sys_dictionary action='INSERT_OR_UPDATE'>
      <active>true</active>
      <column_label>Status</column_label>
      <element>u_status</element>
      <internal_type>string</internal_type>
      <label>Status</label>
      <mandatory>true</mandatory>
      <max_length>40</max_length>
      <name>x_inventory_tx</name>
      <reference/>
      <size>40</size>
      <type>string</type>
    </sys_dictionary>
  </record_update>
  <record_update table='sys_dictionary'>
    <sys_dictionary action='INSERT_OR_UPDATE'>
      <active>true</active>
      <column_label>Reference</column_label>
      <element>u_ref</element>
      <internal_type>string</internal_type>
      <label>Reference</label>
      <mandatory>false</mandatory>
      <max_length>120</max_length>
      <name>x_inventory_tx</name>
      <reference/>
      <size>120</size>
      <type>string</type>
    </sys_dictionary>
  </record_update>
  <record_update table='sys_dictionary'>
    <sys_dictionary action='INSERT_OR_UPDATE'>
      <active>true</active>
      <column_label>Confirmed</column_label>
      <element>u_confirmed</element>
      <internal_type>boolean</internal_type>
      <label>Confirmed</label>
      <mandatory>false</mandatory>
      <max_length>40</max_length>
      <name>x_inventory_tx</name>
      <reference/>
      <size>40</size>
      <type>boolean</type>
    </sys_dictionary>
  </record_update>
  <record_update table='sys_dictionary'>
    <sys_dictionary action='INSERT_OR_UPDATE'>
      <active>true</active>
      <column_label>Picker Name</column_label>
      <element>u_picker</element>
      <internal_type>string</internal_type>
      <label>Picker Name</label>
      <mandatory>false</mandatory>
      <max_length>120</max_length>
      <name>x_inventory_tx</name>
      <reference/>
      <size>120</size>
      <type>string</type>
    </sys_dictionary>
  </record_update>
  <record_update table='sys_dictionary'>
    <sys_dictionary action='INSERT_OR_UPDATE'>
      <active>true</active>
      <column_label>Updated At</column_label>
      <element>u_updated</element>
      <internal_type>glide_date_time</internal_type>
      <label>Updated At</label>
      <mandatory>false</mandatory>
      <max_length>40</max_length>
      <name>x_inventory_tx</name>
      <reference/>
      <size>40</size>
      <type>glide_date_time</type>
    </sys_dictionary>
  </record_update>
  <record_update table='sys_choice'>
    <sys_choice action='INSERT_OR_UPDATE'>
      <element>u_status</element>
      <label>Open</label>
      <name>x_inventory_tx</name>
      <sequence>100</sequence>
      <value>Open</value>
    </sys_choice>
  </record_update>
  <record_update table='sys_choice'>
    <sys_choice action='INSERT_OR_UPDATE'>
      <element>u_status</element>
      <label>InTransit</label>
      <name>x_inventory_tx</name>
      <sequence>110</sequence>
      <value>InTransit</value>
    </sys_choice>
  </record_update>
  <record_update table='sys_choice'>
    <sys_choice action='INSERT_OR_UPDATE'>
      <element>u_status</element>
      <label>Completed</label>
      <name>x_inventory_tx</name>
      <sequence>120</sequence>
      <value>Completed</value>
    </sys_choice>
  </record_update>
  <record_update table='sys_choice'>
    <sys_choice action='INSERT_OR_UPDATE'>
      <element>u_status</element>
      <label>Cancelled</label>
      <name>x_inventory_tx</name>
      <sequence>130</sequence>
      <value>Cancelled</value>
    </sys_choice>
  </record_update>
  <record_update table='sys_choice'>
    <sys_choice action='INSERT_OR_UPDATE'>
      <element>u_type</element>
      <label>Pickup</label>
      <name>x_inventory_tx</name>
      <sequence>100</sequence>
      <value>Pickup</value>
    </sys_choice>
  </record_update>
  <record_update table='sys_choice'>
    <sys_choice action='INSERT_OR_UPDATE'>
      <element>u_type</element>
      <label>Delivery</label>
      <name>x_inventory_tx</name>
      <sequence>110</sequence>
      <value>Delivery</value>
    </sys_choice>
  </record_update>
  <record_update table='sys_choice'>
    <sys_choice action='INSERT_OR_UPDATE'>
      <element>u_type</element>
      <label>Return</label>
      <name>x_inventory_tx</name>
      <sequence>120</sequence>
      <value>Return</value>
    </sys_choice>
  </record_update>
  <record_update table='sys_choice'>
    <sys_choice action='INSERT_OR_UPDATE'>
      <element>u_type</element>
      <label>Transfer</label>
      <name>x_inventory_tx</name>
      <sequence>130</sequence>
      <value>Transfer</value>
    </sys_choice>
  </record_update>
  <record_update table='sys_choice'>
    <sys_choice action='INSERT_OR_UPDATE'>
      <element>u_type</element>
      <label>Adjustment</label>
      <name>x_inventory_tx</name>
      <sequence>140</sequence>
      <value>Adjustment</value>
    </sys_choice>
  </record_update>
  <record_update table="sys_ui_list">
    <sys_ui_list action="INSERT_OR_UPDATE">
      <name>x_inventory_tx</name>
      <sys_name>Default view</sys_name>
      <view/>
    </sys_ui_list>
  </record_update>
  <record_update table='sys_ui_list_element'>
    <sys_ui_list_element action='INSERT_OR_UPDATE'>
      <element>u_tx_id</element>
      <name>x_inventory_tx</name>
      <position>0</position>
      <view/>
    </sys_ui_list_element>
  </record_update>
  <record_update table='sys_ui_list_element'>
    <sys_ui_list_element action='INSERT_OR_UPDATE'>
      <element>u_type</element>
      <name>x_inventory_tx</name>
      <position>10</position>
      <view/>
    </sys_ui_list_element>
  </record_update>
  <record_update table='sys_ui_list_element'>
    <sys_ui_list_element action='INSERT_OR_UPDATE'>
      <element>u_sku</element>
      <name>x_inventory_tx</name>
      <position>20</position>
      <view/>
    </sys_ui_list_element>
  </record_update>
  <record_update table='sys_ui_list_element'>
    <sys_ui_list_element action='INSERT_OR_UPDATE'>
      <element>u_qty</element>
      <name>x_inventory_tx</name>
      <position>30</position>
      <view/>
    </sys_ui_list_element>
  </record_update>
  <record_update table='sys_ui_list_element'>
    <sys_ui_list_element action='INSERT_OR_UPDATE'>
      <element>u_from</element>
      <name>x_inventory_tx</name>
      <position>40</position>
      <view/>
    </sys_ui_list_element>
  </record_update>
  <record_update table='sys_ui_list_element'>
    <sys_ui_list_element action='INSERT_OR_UPDATE'>
      <element>u_to</element>
      <name>x_inventory_tx</name>
      <position>50</position>
      <view/>
    </sys_ui_list_element>
  </record_update>
  <record_update table='sys_ui_list_element'>
    <sys_ui_list_element action='INSERT_OR_UPDATE'>
      <element>u_status</element>
      <name>x_inventory_tx</name>
      <position>60</position>
      <view/>
    </sys_ui_list_element>
  </record_update>
  <record_update table='sys_ui_list_element'>
    <sys_ui_list_element action='INSERT_OR_UPDATE'>
      <element>u_ref</element>
      <name>x_inventory_tx</name>
      <position>70</position>
      <view/>
    </sys_ui_list_element>
  </record_update>
  <record_update table='sys_ui_list_element'>
    <sys_ui_list_element action='INSERT_OR_UPDATE'>
      <element>u_confirmed</element>
      <name>x_inventory_tx</name>
      <position>80</position>
      <view/>
    </sys_ui_list_element>
  </record_update>
  <record_update table='sys_ui_list_element'>
    <sys_ui_list_element action='INSERT_OR_UPDATE'>
      <element>u_picker</element>
      <name>x_inventory_tx</name>
      <position>90</position>
      <view/>
    </sys_ui_list_element>
  </record_update>
  <record_update table='sys_ui_list_element'>
    <sys_ui_list_element action='INSERT_OR_UPDATE'>
      <element>u_updated</element>
      <name>x_inventory_tx</name>
      <position>100</position>
      <view/>
    </sys_ui_list_element>
  </record_update>
</records>
