<?xml version="1.0" encoding="UTF-8"?>
<records>
  <record_update table="sys_db_object">
    <sys_db_object action="INSERT_OR_UPDATE">
      <label>Inventory TX Import</label>
      <name>u_inventory_tx_import</name>
      <create_access>true</create_access>
      <read_access>true</read_access>
      <update_access>true</update_access>
    </sys_db_object>
  </record_update>
  <record_update table="sys_dictionary">
    <sys_dictionary action="INSERT_OR_UPDATE">
      <name>u_inventory_tx_import</name>
      <type>collection</type>
      <internal_type>collection</internal_type>
      <column_label>Inventory TX Import</column_label>
    </sys_dictionary>
  </record_update>
  <record_update table='sys_dictionary'>
    <sys_dictionary action='INSERT_OR_UPDATE'>
      <name>u_inventory_tx_import</name>
      <element>tx_id</element>
      <column_label>Transaction ID</column_label>
      <type>string</type>
      <internal_type>string</internal_type>
      <max_length>100</max_length>
    </sys_dictionary>
  </record_update>
  <record_update table='sys_dictionary'>
    <sys_dictionary action='INSERT_OR_UPDATE'>
      <name>u_inventory_tx_import</name>
      <element>type</element>
      <column_label>Type</column_label>
      <type>string</type>
      <internal_type>string</internal_type>
      <max_length>40</max_length>
    </sys_dictionary>
  </record_update>
  <record_update table='sys_dictionary'>
    <sys_dictionary action='INSERT_OR_UPDATE'>
      <name>u_inventory_tx_import</name>
      <element>sku</element>
      <column_label>SKU</column_label>
      <type>string</type>
      <internal_type>string</internal_type>
      <max_length>120</max_length>
    </sys_dictionary>
  </record_update>
  <record_update table='sys_dictionary'>
    <sys_dictionary action='INSERT_OR_UPDATE'>
      <name>u_inventory_tx_import</name>
      <element>qty</element>
      <column_label>Quantity</column_label>
      <type>integer</type>
      <internal_type>integer</internal_type>
      <max_length>40</max_length>
    </sys_dictionary>
  </record_update>
  <record_update table='sys_dictionary'>
    <sys_dictionary action='INSERT_OR_UPDATE'>
      <name>u_inventory_tx_import</name>
      <element>from</element>
      <column_label>From Location</column_label>
      <type>string</type>
      <internal_type>string</internal_type>
      <max_length>120</max_length>
    </sys_dictionary>
  </record_update>
  <record_update table='sys_dictionary'>
    <sys_dictionary action='INSERT_OR_UPDATE'>
      <name>u_inventory_tx_import</name>
      <element>to</element>
      <column_label>To Location</column_label>
      <type>string</type>
      <internal_type>string</internal_type>
      <max_length>120</max_length>
    </sys_dictionary>
  </record_update>
  <record_update table='sys_dictionary'>
    <sys_dictionary action='INSERT_OR_UPDATE'>
      <name>u_inventory_tx_import</name>
      <element>status</element>
      <column_label>Status</column_label>
      <type>string</type>
      <internal_type>string</internal_type>
      <max_length>40</max_length>
    </sys_dictionary>
  </record_update>
  <record_update table='sys_dictionary'>
    <sys_dictionary action='INSERT_OR_UPDATE'>
      <name>u_inventory_tx_import</name>
      <element>ref</element>
      <column_label>Reference</column_label>
      <type>string</type>
      <internal_type>string</internal_type>
      <max_length>120</max_length>
    </sys_dictionary>
  </record_update>
  <record_update table='sys_dictionary'>
    <sys_dictionary action='INSERT_OR_UPDATE'>
      <name>u_inventory_tx_import</name>
      <element>confirmed</element>
      <column_label>Confirmed</column_label>
      <type>boolean</type>
      <internal_type>boolean</internal_type>
      <max_length>40</max_length>
    </sys_dictionary>
  </record_update>
  <record_update table='sys_dictionary'>
    <sys_dictionary action='INSERT_OR_UPDATE'>
      <name>u_inventory_tx_import</name>
      <element>picker</element>
      <column_label>Picker Name</column_label>
      <type>string</type>
      <internal_type>string</internal_type>
      <max_length>120</max_length>
    </sys_dictionary>
  </record_update>
  <record_update table='sys_dictionary'>
    <sys_dictionary action='INSERT_OR_UPDATE'>
      <name>u_inventory_tx_import</name>
      <element>updated</element>
      <column_label>Updated At</column_label>
      <type>glide_date_time</type>
      <internal_type>glide_date_time</internal_type>
      <max_length>40</max_length>
    </sys_dictionary>
  </record_update>
  <record_update table="sys_transform_map">
    <sys_transform_map action="INSERT_OR_UPDATE">
      <active>true</active>
      <name>Inventory TX Import to x_inventory_tx</name>
      <source_table>u_inventory_tx_import</source_table>
      <target_table>x_inventory_tx</target_table>
      <run_business_rules>false</run_business_rules>
      <enforce_mandatory>false</enforce_mandatory>
      <coalesce>true</coalesce>
      <use_source_coalesce>false</use_source_coalesce>
    </sys_transform_map>
  </record_update>
  <record_update table='sys_transform_entry'>
    <sys_transform_entry action='INSERT_OR_UPDATE'>
      <source_table>u_inventory_tx_import</source_table>
      <target_table>x_inventory_tx</target_table>
      <source_field>tx_id</source_field>
      <target_field>u_tx_id</target_field>
      <map>Inventory TX Import to x_inventory_tx</map>
      <coalesce>true</coalesce>
    </sys_transform_entry>
  </record_update>
  <record_update table='sys_transform_entry'>
    <sys_transform_entry action='INSERT_OR_UPDATE'>
      <source_table>u_inventory_tx_import</source_table>
      <target_table>x_inventory_tx</target_table>
      <source_field>type</source_field>
      <target_field>u_type</target_field>
      <map>Inventory TX Import to x_inventory_tx</map>
      <coalesce>false</coalesce>
    </sys_transform_entry>
  </record_update>
  <record_update table='sys_transform_entry'>
    <sys_transform_entry action='INSERT_OR_UPDATE'>
      <source_table>u_inventory_tx_import</source_table>
      <target_table>x_inventory_tx</target_table>
      <source_field>sku</source_field>
      <target_field>u_sku</target_field>
      <map>Inventory TX Import to x_inventory_tx</map>
      <coalesce>false</coalesce>
    </sys_transform_entry>
  </record_update>
  <record_update table='sys_transform_entry'>
    <sys_transform_entry action='INSERT_OR_UPDATE'>
      <source_table>u_inventory_tx_import</source_table>
      <target_table>x_inventory_tx</target_table>
      <source_field>qty</source_field>
      <target_field>u_qty</target_field>
      <map>Inventory TX Import to x_inventory_tx</map>
      <coalesce>false</coalesce>
    </sys_transform_entry>
  </record_update>
  <record_update table='sys_transform_entry'>
    <sys_transform_entry action='INSERT_OR_UPDATE'>
      <source_table>u_inventory_tx_import</source_table>
      <target_table>x_inventory_tx</target_table>
      <source_field>from</source_field>
      <target_field>u_from</target_field>
      <map>Inventory TX Import to x_inventory_tx</map>
      <coalesce>false</coalesce>
    </sys_transform_entry>
  </record_update>
  <record_update table='sys_transform_entry'>
    <sys_transform_entry action='INSERT_OR_UPDATE'>
      <source_table>u_inventory_tx_import</source_table>
      <target_table>x_inventory_tx</target_table>
      <source_field>to</source_field>
      <target_field>u_to</target_field>
      <map>Inventory TX Import to x_inventory_tx</map>
      <coalesce>false</coalesce>
    </sys_transform_entry>
  </record_update>
  <record_update table='sys_transform_entry'>
    <sys_transform_entry action='INSERT_OR_UPDATE'>
      <source_table>u_inventory_tx_import</source_table>
      <target_table>x_inventory_tx</target_table>
      <source_field>status</source_field>
      <target_field>u_status</target_field>
      <map>Inventory TX Import to x_inventory_tx</map>
      <coalesce>false</coalesce>
    </sys_transform_entry>
  </record_update>
  <record_update table='sys_transform_entry'>
    <sys_transform_entry action='INSERT_OR_UPDATE'>
      <source_table>u_inventory_tx_import</source_table>
      <target_table>x_inventory_tx</target_table>
      <source_field>ref</source_field>
      <target_field>u_ref</target_field>
      <map>Inventory TX Import to x_inventory_tx</map>
      <coalesce>false</coalesce>
    </sys_transform_entry>
  </record_update>
  <record_update table='sys_transform_entry'>
    <sys_transform_entry action='INSERT_OR_UPDATE'>
      <source_table>u_inventory_tx_import</source_table>
      <target_table>x_inventory_tx</target_table>
      <source_field>confirmed</source_field>
      <target_field>u_confirmed</target_field>
      <map>Inventory TX Import to x_inventory_tx</map>
      <coalesce>false</coalesce>
    </sys_transform_entry>
  </record_update>
  <record_update table='sys_transform_entry'>
    <sys_transform_entry action='INSERT_OR_UPDATE'>
      <source_table>u_inventory_tx_import</source_table>
      <target_table>x_inventory_tx</target_table>
      <source_field>picker</source_field>
      <target_field>u_picker</target_field>
      <map>Inventory TX Import to x_inventory_tx</map>
      <coalesce>false</coalesce>
    </sys_transform_entry>
  </record_update>
  <record_update table='sys_transform_entry'>
    <sys_transform_entry action='INSERT_OR_UPDATE'>
      <source_table>u_inventory_tx_import</source_table>
      <target_table>x_inventory_tx</target_table>
      <source_field>updated</source_field>
      <target_field>u_updated</target_field>
      <map>Inventory TX Import to x_inventory_tx</map>
      <coalesce>false</coalesce>
    </sys_transform_entry>
  </record_update>
</records>
